snapshot_id,prediction
snap_0001,0.5
snap_0002,0.5
snap_0003,0.5
snap_0004,0.5
snap_0005,0.5
snap_0006,0.5
snap_0007,0.5
snap_0008,0.5
snap_0009,0.5
snap_0010,0.5
snap_0011,0.5
snap_0012,0.5
snap_0013,0.5
snap_0014,0.5
snap_0015,0.5
snap_0016,0.5
snap_0017,0.5
snap_0018,0.5
snap_0019,0.5
snap_0020,0.5
snap_0021,0.5
snap_0022,0.5
snap_0023,0.5
snap_0024,0.5
snap_0025,0.5
snap_0026,0.5
snap_0027,0.5
snap_0028,0.5
snap_0029,0.5
snap_0030,0.5
snap_0031,0.5
snap_0032,0.5
snap_0033,0.5
snap_0034,0.5
snap_0035,0.5
snap_0036,0.5
snap_0037,0.5
snap_0038,0.5
snap_0039,0.5
snap_0040,0.5
snap_0041,0.5
snap_0042,0.5
snap_0043,0.5
snap_0044,0.5
snap_0045,0.5
snap_0046,0.5
snap_0047,0.5
snap_0048,0.5
snap_0049,0.5
snap_0050,0.5
snap_0051,0.5
snap_0052,0.5
snap_0053,0.5
snap_0054,0.5
snap_0055,0.5
snap_0056,0.5
snap_0057,0.5
snap_0058,0.5
snap_0059,0.5
snap_0060,0.5
snap_0061,0.5
snap_0062,0.5
snap_0063,0.5
snap_0064,0.5
snap_0065,0.5
snap_0066,0.5
snap_0067,0.5
snap_0068,0.5
snap_0069,0.5
snap_0070,0.5
snap_0071,0.5
snap_0072,0.5
snap_0073,0.5
snap_0074,0.5
snap_0075,0.5
snap_0076,0.5
snap_0077,0.5
snap_0078,0.5
snap_0079,0.5
snap_0080,0.5
snap_0081,0.5
snap_0082,0.5
snap_0083,0.5
snap_0084,0.5
snap_0085,0.5
snap_0086,0.5
snap_0087,0.5
snap_0088,0.5
snap_0089,0.5
snap_0090,0.5
snap_0091,0.5
snap_0092,0.5
snap_0093,0.5
snap_0094,0.5
snap_0095,0.5
snap_0096,0.5
snap_0097,0.5
snap_0098,0.5
snap_0099,0.5
snap_0100,0.5
snap_0101,0.5
snap_0102,0.5
snap_0103,0.5
snap_0104,0.5
snap_0105,0.5
snap_0106,0.5
snap_0107,0.5
snap_0108,0.5
snap_0109,0.5
snap_0110,0.5
snap_0111,0.5
snap_0112,0.5
snap_0113,0.5
snap_0114,0.5
snap_0115,0.5
snap_0116,0.5
snap_0117,0.5
snap_0118,0.5
snap_0119,0.5
snap_0120,0.5
snap_0121,0.5
snap_0122,0.5
snap_0123,0.5
snap_0124,0.5
snap_0125,0.5
snap_0126,0.5
snap_0127,0.5
snap_0128,0.5
snap_0129,0.5
snap_0130,0.5
snap_0131,0.5
snap_0132,0.5
snap_0133,0.5
snap_0134,0.5
snap_0135,0.5
snap_0136,0.5
snap_0137,0.5
snap_0138,0.5
snap_0139,0.5
snap_0140,0.5
snap_0141,0.5
snap_0142,0.5
snap_0143,0.5
snap_0144,0.5
snap_0145,0.5
snap_0146,0.5
snap_0147,0.5
snap_0148,0.5
snap_0149,0.5
snap_0150,0.5
snap_0151,0.5
snap_0152,0.5
snap_0153,0.5
snap_0154,0.5
snap_0155,0.5
snap_0156,0.5
snap_0157,0.5
snap_0158,0.5
snap_0159,0.5
snap_0160,0.5
snap_0161,0.5
snap_0162,0.5
snap_0163,0.5
snap_0164,0.5
snap_0165,0.5
snap_0166,0.5
snap_0167,0.5
snap_0168,0.5
snap_0169,0.5
snap_0170,0.5
snap_0171,0.5
snap_0172,0.5
snap_0173,0.5
snap_0174,0.5
snap_0175,0.5
snap_0176,0.5
snap_0177,0.5
snap_0178,0.5
snap_0179,0.5
snap_0180,0.5
snap_0181,0.5
snap_0182,0.5
snap_0183,0.5
snap_0184,0.5
snap_0185,0.5
snap_0186,0.5
snap_0187,0.5
snap_0188,0.5
snap_0189,0.5
snap_0190,0.5
snap_0191,0.5
snap_0192,0.5
snap_0193,0.5
snap_0194,0.5
snap_0195,0.5
snap_0196,0.5
snap_0197,0.5
snap_0198,0.5
snap_0199,0.5
snap_0200,0.5
snap_0201,0.5
snap_0202,0.5
snap_0203,0.5
snap_0204,0.5
snap_0205,0.5
snap_0206,0.5
snap_0207,0.5
snap_0208,0.5
snap_0209,0.5
snap_0210,0.5
snap_0211,0.5
snap_0212,0.5
snap_0213,0.5
snap_0214,0.5
snap_0215,0.5
snap_0216,0.5
snap_0217,0.5
snap_0218,0.5
snap_0219,0.5
snap_0220,0.5
snap_0221,0.5
snap_0222,0.5
snap_0223,0.5
snap_0224,0.5
snap_0225,0.5
snap_0226,0.5
snap_0227,0.5
snap_0228,0.5
snap_0229,0.5
snap_0230,0.5
snap_0231,0.5
snap_0232,0.5
snap_0233,0.5
snap_0234,0.5
snap_0235,0.5
snap_0236,0.5
snap_0237,0.5
snap_0238,0.5
snap_0239,0.5
snap_0240,0.5
snap_0241,0.5
snap_0242,0.5
snap_0243,0.5
snap_0244,0.5
snap_0245,0.5
snap_0246,0.5
snap_0247,0.5
snap_0248,0.5
snap_0249,0.5
snap_0250,0.5
snap_0251,0.5
snap_0252,0.5
snap_0253,0.5
snap_0254,0.5
snap_0255,0.5
snap_0256,0.5
snap_0257,0.5
snap_0258,0.5
snap_0259,0.5
snap_0260,0.5
snap_0261,0.5
snap_0262,0.5
snap_0263,0.5
snap_0264,0.5
snap_0265,0.5
snap_0266,0.5
snap_0267,0.5
snap_0268,0.5
snap_0269,0.5
snap_0270,0.5
snap_0271,0.5
snap_0272,0.5
snap_0273,0.5
snap_0274,0.5
snap_0275,0.5
snap_0276,0.5
snap_0277,0.5
snap_0278,0.5
snap_0279,0.5
snap_0280,0.5
snap_0281,0.5
snap_0282,0.5
snap_0283,0.5
snap_0284,0.5
snap_0285,0.5
snap_0286,0.5
snap_0287,0.5
snap_0288,0.5
snap_0289,0.5
snap_0290,0.5
snap_0291,0.5
snap_0292,0.5
snap_0293,0.5
snap_0294,0.5
snap_0295,0.5
snap_0296,0.5
snap_0297,0.5
snap_0298,0.5
snap_0299,0.5
snap_0300,0.5
snap_0301,0.5
snap_0302,0.5
snap_0303,0.5
snap_0304,0.5
snap_0305,0.5
snap_0306,0.5
snap_0307,0.5
snap_0308,0.5
snap_0309,0.5
snap_0310,0.5
snap_0311,0.5
snap_0312,0.5
snap_0313,0.5
snap_0314,0.5
snap_0315,0.5
snap_0316,0.5
snap_0317,0.5
snap_0318,0.5
snap_0319,0.5
snap_0320,0.5
snap_0321,0.5
snap_0322,0.5
snap_0323,0.5
snap_0324,0.5
snap_0325,0.5
snap_0326,0.5
snap_0327,0.5
snap_0328,0.5
snap_0329,0.5
snap_0330,0.5
snap_0331,0.5
snap_0332,0.5
snap_0333,0.5
snap_0334,0.5
snap_0335,0.5
snap_0336,0.5
snap_0337,0.5
snap_0338,0.5
snap_0339,0.5
snap_0340,0.5
snap_0341,0.5
snap_0342,0.5
snap_0343,0.5
snap_0344,0.5
snap_0345,0.5
snap_0346,0.5
snap_0347,0.5
snap_0348,0.5
snap_0349,0.5
snap_0350,0.5
snap_0351,0.5
snap_0352,0.5
snap_0353,0.5
snap_0354,0.5
snap_0355,0.5
snap_0356,0.5
snap_0357,0.5
snap_0358,0.5
snap_0359,0.5
snap_0360,0.5
snap_0361,0.5
snap_0362,0.5
snap_0363,0.5
snap_0364,0.5
snap_0365,0.5
snap_0366,0.5
snap_0367,0.5
snap_0368,0.5
snap_0369,0.5
snap_0370,0.5
snap_0371,0.5
snap_0372,0.5
snap_0373,0.5
snap_0374,0.5
snap_0375,0.5
snap_0376,0.5
snap_0377,0.5
snap_0378,0.5
snap_0379,0.5
snap_0380,0.5
snap_0381,0.5
snap_0382,0.5
snap_0383,0.5
snap_0384,0.5
snap_0385,0.5
snap_0386,0.5
snap_0387,0.5
snap_0388,0.5
snap_0389,0.5
snap_0390,0.5
snap_0391,0.5
snap_0392,0.5
snap_0393,0.5
snap_0394,0.5
snap_0395,0.5
snap_0396,0.5
snap_0397,0.5
snap_0398,0.5
snap_0399,0.5
snap_0400,0.5
snap_0401,0.5
snap_0402,0.5
snap_0403,0.5
snap_0404,0.5
snap_0405,0.5
snap_0406,0.5
snap_0407,0.5
snap_0408,0.5
snap_0409,0.5
snap_0410,0.5
snap_0411,0.5
snap_0412,0.5
snap_0413,0.5
snap_0414,0.5
snap_0415,0.5
snap_0416,0.5
snap_0417,0.5
snap_0418,0.5
snap_0419,0.5
snap_0420,0.5
snap_0421,0.5
snap_0422,0.5
snap_0423,0.5
snap_0424,0.5
snap_0425,0.5
snap_0426,0.5
snap_0427,0.5
snap_0428,0.5
snap_0429,0.5
snap_0430,0.5
snap_0431,0.5
snap_0432,0.5
snap_0433,0.5
snap_0434,0.5
snap_0435,0.5
snap_0436,0.5
snap_0437,0.5
snap_0438,0.5
snap_0439,0.5
snap_0440,0.5
snap_0441,0.5
snap_0442,0.5
snap_0443,0.5
snap_0444,0.5
snap_0445,0.5
snap_0446,0.5
snap_0447,0.5
snap_0448,0.5
snap_0449,0.5
snap_0450,0.5
snap_0451,0.5
snap_0452,0.5
snap_0453,0.5
snap_0454,0.5
snap_0455,0.5
snap_0456,0.5
snap_0457,0.5
snap_0458,0.5
snap_0459,0.5
snap_0460,0.5
snap_0461,0.5
snap_0462,0.5
snap_0463,0.5
snap_0464,0.5
snap_0465,0.5
snap_0466,0.5
snap_0467,0.5
snap_0468,0.5
snap_0469,0.5
snap_0470,0.5
snap_0471,0.5
snap_0472,0.5
snap_0473,0.5
snap_0474,0.5
snap_0475,0.5
snap_0476,0.5
snap_0477,0.5
snap_0478,0.5
snap_0479,0.5
snap_0480,0.5
snap_0481,0.5
snap_0482,0.5
snap_0483,0.5
snap_0484,0.5
snap_0485,0.5
snap_0486,0.5
snap_0487,0.5
snap_0488,0.5
snap_0489,0.5
snap_0490,0.5
snap_0491,0.5
snap_0492,0.5
snap_0493,0.5
snap_0494,0.5
snap_0495,0.5
snap_0496,0.5
snap_0497,0.5
snap_0498,0.5
snap_0499,0.5
snap_0500,0.5
snap_0501,0.5
snap_0502,0.5
snap_0503,0.5
snap_0504,0.5
snap_0505,0.5
snap_0506,0.5
snap_0507,0.5
snap_0508,0.5
snap_0509,0.5
snap_0510,0.5
snap_0511,0.5
snap_0512,0.5
snap_0513,0.5
snap_0514,0.5
snap_0515,0.5
snap_0516,0.5
snap_0517,0.5
snap_0518,0.5
snap_0519,0.5
snap_0520,0.5
snap_0521,0.5
snap_0522,0.5
snap_0523,0.5
snap_0524,0.5
snap_0525,0.5
snap_0526,0.5
snap_0527,0.5
snap_0528,0.5
snap_0529,0.5
snap_0530,0.5
snap_0531,0.5
snap_0532,0.5
snap_0533,0.5
snap_0534,0.5
snap_0535,0.5
snap_0536,0.5
snap_0537,0.5
snap_0538,0.5
snap_0539,0.5
snap_0540,0.5
snap_0541,0.5
snap_0542,0.5
snap_0543,0.5
snap_0544,0.5
snap_0545,0.5
snap_0546,0.5
snap_0547,0.5
snap_0548,0.5
snap_0549,0.5
snap_0550,0.5
snap_0551,0.5
snap_0552,0.5
snap_0553,0.5
snap_0554,0.5
snap_0555,0.5
snap_0556,0.5
snap_0557,0.5
snap_0558,0.5
snap_0559,0.5
snap_0560,0.5
snap_0561,0.5
snap_0562,0.5
snap_0563,0.5
snap_0564,0.5
snap_0565,0.5
snap_0566,0.5
snap_0567,0.5
snap_0568,0.5
snap_0569,0.5
snap_0570,0.5
snap_0571,0.5
snap_0572,0.5
snap_0573,0.5
snap_0574,0.5
snap_0575,0.5
snap_0576,0.5
snap_0577,0.5
snap_0578,0.5
snap_0579,0.5
snap_0580,0.5
snap_0581,0.5
snap_0582,0.5
snap_0583,0.5
snap_0584,0.5
snap_0585,0.5
snap_0586,0.5
snap_0587,0.5
snap_0588,0.5
snap_0589,0.5
snap_0590,0.5
snap_0591,0.5
snap_0592,0.5
snap_0593,0.5
snap_0594,0.5
snap_0595,0.5
snap_0596,0.5
snap_0597,0.5
snap_0598,0.5
snap_0599,0.5
snap_0600,0.5
snap_0601,0.5
snap_0602,0.5
snap_0603,0.5
snap_0604,0.5
snap_0605,0.5
snap_0606,0.5
snap_0607,0.5
snap_0608,0.5
snap_0609,0.5
snap_0610,0.5
snap_0611,0.5
snap_0612,0.5
snap_0613,0.5
snap_0614,0.5
snap_0615,0.5
snap_0616,0.5
snap_0617,0.5
snap_0618,0.5
snap_0619,0.5
snap_0620,0.5
snap_0621,0.5
snap_0622,0.5
snap_0623,0.5
snap_0624,0.5
snap_0625,0.5
snap_0626,0.5
snap_0627,0.5
snap_0628,0.5
snap_0629,0.5
snap_0630,0.5
snap_0631,0.5
snap_0632,0.5
snap_0633,0.5
snap_0634,0.5
snap_0635,0.5
snap_0636,0.5
snap_0637,0.5
snap_0638,0.5
snap_0639,0.5
snap_0640,0.5
snap_0641,0.5
snap_0642,0.5
snap_0643,0.5
snap_0644,0.5
snap_0645,0.5
snap_0646,0.5
snap_0647,0.5
snap_0648,0.5
snap_0649,0.5
snap_0650,0.5
snap_0651,0.5
snap_0652,0.5
snap_0653,0.5
snap_0654,0.5
snap_0655,0.5
snap_0656,0.5
snap_0657,0.5
snap_0658,0.5
snap_0659,0.5
snap_0660,0.5
snap_0661,0.5
snap_0662,0.5
snap_0663,0.5
snap_0664,0.5
snap_0665,0.5
snap_0666,0.5
snap_0667,0.5
snap_0668,0.5
snap_0669,0.5
snap_0670,0.5
snap_0671,0.5
snap_0672,0.5
snap_0673,0.5
snap_0674,0.5
snap_0675,0.5
snap_0676,0.5
snap_0677,0.5
snap_0678,0.5
snap_0679,0.5
snap_0680,0.5
snap_0681,0.5
snap_0682,0.5
snap_0683,0.5
snap_0684,0.5
snap_0685,0.5
snap_0686,0.5
snap_0687,0.5
snap_0688,0.5
snap_0689,0.5
snap_0690,0.5
snap_0691,0.5
snap_0692,0.5
snap_0693,0.5
snap_0694,0.5
snap_0695,0.5
snap_0696,0.5
snap_0697,0.5
snap_0698,0.5
snap_0699,0.5
snap_0700,0.5
snap_0701,0.5
snap_0702,0.5
snap_0703,0.5
snap_0704,0.5
snap_0705,0.5
snap_0706,0.5
snap_0707,0.5
snap_0708,0.5
snap_0709,0.5
snap_0710,0.5
snap_0711,0.5
snap_0712,0.5
snap_0713,0.5
snap_0714,0.5
snap_0715,0.5
snap_0716,0.5
snap_0717,0.5
snap_0718,0.5
snap_0719,0.5
snap_0720,0.5
snap_0721,0.5
snap_0722,0.5
snap_0723,0.5
snap_0724,0.5
snap_0725,0.5
snap_0726,0.5
snap_0727,0.5
snap_0728,0.5
snap_0729,0.5
snap_0730,0.5
snap_0731,0.5
snap_0732,0.5
snap_0733,0.5
snap_0734,0.5
snap_0735,0.5
snap_0736,0.5
snap_0737,0.5
snap_0738,0.5
snap_0739,0.5
snap_0740,0.5
snap_0741,0.5
snap_0742,0.5
snap_0743,0.5
snap_0744,0.5
snap_0745,0.5
snap_0746,0.5
snap_0747,0.5
snap_0748,0.5
snap_0749,0.5
snap_0750,0.5
snap_0751,0.5
snap_0752,0.5
snap_0753,0.5
snap_0754,0.5
snap_0755,0.5
snap_0756,0.5
snap_0757,0.5
snap_0758,0.5
snap_0759,0.5
snap_0760,0.5
snap_0761,0.5
snap_0762,0.5
snap_0763,0.5
snap_0764,0.5
snap_0765,0.5
snap_0766,0.5
snap_0767,0.5
snap_0768,0.5
snap_0769,0.5
snap_0770,0.5
snap_0771,0.5
snap_0772,0.5
snap_0773,0.5
snap_0774,0.5
snap_0775,0.5
snap_0776,0.5
snap_0777,0.5
snap_0778,0.5
snap_0779,0.5
snap_0780,0.5
snap_0781,0.5
snap_0782,0.5
snap_0783,0.5
snap_0784,0.5
snap_0785,0.5
snap_0786,0.5
snap_0787,0.5
snap_0788,0.5
snap_0789,0.5
snap_0790,0.5
snap_0791,0.5
snap_0792,0.5
snap_0793,0.5
snap_0794,0.5
snap_0795,0.5
snap_0796,0.5
snap_0797,0.5
snap_0798,0.5
snap_0799,0.5
snap_0800,0.5
